ID,Candidate,Accessibility Score,Status
1,Chicken,1,Active
2,Cow,1,Active
3,Bull,1,Active
4,Sheep,1,Active
5,Ram,1,Active
6,Goat,1,Active
7,Billy Goat,1,Active
8,Pig,1,Active
9,Boar,1,Active
10,Camel,2,Active
11,Ugthanki,3,Active
12,Dog,1,Active
13,Cat,1,Active
14,Rooster,1,Active
15,Fox,2,Active
16,Fennec Fox,2,Active
17,Rabbit,1,Active
18,White Rabbit,1,Active
19,Hare,1,Retired
20,Ferret,2,Active
21,Badger,2,Active
22,Alpaca,2,Active
23,Yak,2,Active
24,Rat,1,Active
25,Hell-Rat,3,Active
26,Brine Rat,3,Active
27,Squirrel,2,Active
28,Flying Squirrel,3,Active
29,Mole,3,Active
30,Chinchompa,2,Active
31,Carnivorous Chinchompa,3,Active
32,Black Chinchompa,5,Active
33,Embertailed Jerboa,2,Active
34,Jerboa,2,Active
35,Beaver,2,Active
36,Raccoon,2,Active
37,Red Panda,2,Active
38,Mouse,1,Active
39,Bear,2,Active
40,Black Bear,2,Active
41,Grizzly Bear,2,Active
42,Wolf,2,Active
43,Ice Wolf,2,Active
44,Jungle Wolf,2,Active
45,Desert Wolf,2,Active
46,White Wolf,2,Active
47,Dire Wolf,3,Active
48,Werewolf,4,Active
49,Wild Dog,2,Active
50,Jackal,2,Active
51,Hellhound,4,Active
52,Terror Dog,4,Active
53,Monkey,2,Active
54,Karamjan Monkey,3,Active
55,Gorilla,4,Active
56,Tortured Gorilla,6,Active
57,Demonic Gorilla,8,Active
58,Baboon,3,Active
59,Maniacal Monkey,4,Active
60,Squirrel Monkey,4,Active
61,Bird,1,Active
62,Eagle,2,Active
63,Bald headed Eagle,2,Active
64,Jungle Eagle,2,Active
65,Polar Eagle,2,Active
66,Vulture,2,Active
67,Duck,1,Active
68,Swan,2,Active
69,Seagull,1,Active
70,Cormorant,2,Active
71,Pelican,2,Active
72,Albatross,3,Active
73,Parrot,2,Active
74,Macaw,2,Active
75,Penguin,2,Active
76,Macaroni Penguin,3,Active
77,Terrorbird,4,Active
78,Phoenix,4,Active
79,Roc,4,Active
80,Puffin,2,Active
81,Heron,2,Active
82,Harpy Eagle,4,Active
83,Pheasant,2,Active
84,Chompy,4,Active
85,Jubbly,5,Active
86,Pigeon,1,Active
87,Toucan,2,Active
88,Mountain Toucan,3,Active
89,Caique,3,Active
90,Crow,1,Active
91,Raven,2,Active
92,Gyrfalcon,3,Active
93,Goose,1,Active
94,Oomlie,3,Active
95,Deer,2,Retired
96,Sunlight Antelope,4,Active
97,Moonlight Antelope,4,Active
98,Oryx,3,Active
99,Jaguar,2,Active
100,Black Jaguar,3,Active
101,Capybara,2,Active
102,Hippo,4,Active
103,Quetzal,4,Active
104,Green Skink,2,Active
105,Anteater,2,Active
106,Tapir,3,Active
107,Ocelot,3,Active
108,Buffalo,2,Active
109,Porcupine,2,Active
110,Ruby Harvest,3,Active
111,Sapphire Glacialis,3,Active
112,Snowy Knight,3,Active
113,Black Warlock,3,Active
114,Sunlight Moth,3,Active
115,Moonlight Moth,3,Active
116,Polar Kebbit,3,Active
117,Common Kebbit,2,Active
118,Feldip Weasel,3,Active
119,Desert Devil,3,Active
120,Razor-backed Kebbit,3,Active
121,Wild Kebbit,3,Active
122,Barb-tailed Kebbit,3,Active
123,Prickly Kebbit,3,Active
124,Sabre-toothed Kebbit,3,Active
125,Spotted Kebbit,3,Active
126,Dark Kebbit,3,Active
127,Dashing Kebbit,3,Active
128,Lizard,1,Active
129,Cave lizard,2,Active
130,Crocodile,3,Active
131,Desert Lizard,2,Active
132,Jungle Lizard,2,Retired
133,Swamp Lizard,2,Active
134,Sulphur Lizard,4,Active
135,Moss Lizard,4,Active
136,Orange Salamander,3,Active
137,Red Salamander,3,Active
138,Red Skink,3,Active
139,Black Salamander,4,Active
140,Tecu Salamander,4,Active
141,Iguana,2,Active
142,Gecko,2,Active
143,Snake,1,Active
144,Hoop Snake,2,Active
145,Bush Snake,2,Active
146,Jungle Snake,2,Active
147,Desert Snake,2,Active
148,Swamp Snake,2,Active
149,Sea Snake (Young/Hatchling),4,Active
150,Spider,1,Active
151,Jungle Spider,2,Active
152,Poison Spider,2,Active
153,Ice Spider,3,Active
154,Crypt Spider,4,Active
155,Araxyte,6,Active
156,Temple Spider,4,Active
157,Scorpion,1,Active
158,King Scorpion,2,Active
159,Poison Scorpion,2,Active
160,Giant Scorpion,2,Active
161,Pit Scorpion,3,Active
162,Rock Crab,2,Active
163,Sand Crab,2,Active
164,Ammonite Crab,3,Active
165,Granite Crab,4,Active
166,Gemstone Crab,5,Active
167,Swamp Crab,2,Active
168,Rainbow Crab,3,Active
169,Blue Crab,2,Active
170,Red Crab,2,Active
171,Crab,1,Active
172,Hermit Crab,2,Active
173,Frog,1,Active
174,Poison Frog,2,Retired
175,Swamp Frog,2,Active
176,Toad,1,Active
177,Wintertoad,4,Active
178,Turtle (Soup),7,Active
179,Sea Turtle,2,Active
180,Tortugan,3,Active
181,Tortoise,2,Active
182,Mutated Tortoise,4,Active
183,Shrimp,1,Active
184,Anchovy,1,Active
185,Sardine,1,Active
186,Herring,1,Active
187,Mackerel,1,Active
188,Cod,1,Active
189,Pike,2,Active
190,Trout,1,Active
191,Salmon,1,Active
192,Tuna,1,Active
193,Bass,2,Active
194,Swordfish,2,Active
195,Lobster,2,Active
196,Monkfish,4,Active
197,Shark,4,Active
198,Anglerfish,5,Active
199,Karambwanji,3,Active
200,Karambwan,4,Active
201,Minnow,5,Active
202,Manta Ray,5,Active
203,Sea Turtle,2,Active
204,Dark Crab,5,Active
205,Lava Eel,4,Active
206,Infernal Eel,4,Active
207,Sacred Eel,5,Active
208,Cave Eel,2,Active
209,Slimy Eel,2,Active
210,Bluegill,5,Active
211,Common Tench,5,Active
212,Mottled Eel,4,Active
213,Greater Siren,6,Active
214,Sturgeon,4,Active
215,Swordtip Squid,5,Active
216,Giant Krill,5,Active
217,Haddock,5,Active
218,Yellowfin,5,Active
219,Halibut,5,Active
220,Bluefin,5,Active
221,Marlin,5,Active
222,Guppy,3,Active
223,Cavefish,4,Active
224,Tetra,4,Active
225,Catfish,4,Active
226,Bream,4,Active
227,Harpoonfish,4,Active
228,Rainbow fish,4,Active
229,Paddlefish,4,Active
230,Pufferfish,4,Active
231,Golden Tench,5,Active
232,Leaping trout,3,Active
233,Leaping salmon,3,Active
234,Leaping sturgeon,4,Active
235,Catfish,4,Active
236,Lobstrosity,4,Active
237,Spinolyp,4,Active
238,Angel Fish,4,Active
239,Black Moor Fantail,4,Active
240,Discus,4,Active
241,Harlequin,4,Active
242,Paradise Fish,4,Active
243,Pearl Danio,4,Active
244,Red Fantail,4,Active
245,Bat,1,Active
246,Albino Bat,3,Active
247,Cockroach,2,Active
248,Locust,2,Active
249,Flies,1,Active
250,Bee,2,Active
251,Scarab,3,Active
252,Moths,4,Active
253,Wasps (Giant),3,Active
254,Ant (Giant),2,Active
255,Mosquito (Giant),2,Active
256,Cave Bug,3,Active
257,Cave Crawler,3,Active
258,Cave Slime,3,Active
259,Wall Beast,4,Active
260,Fever Spider,3,Active
261,Molanisk,4,Active
262,Harpie Bug Swarm,4,Active
263,Killerwatt,3,Active
264,Bloodveld,4,Active
265,Mutated Bloodveld,5,Active
266,Jelly,3,Active
267,Cave Horror,4,Active
268,Jungle Horror,4,Active
269,Basilisk,4,Active
270,Cockatrice,3,Active
271,Sourhog,3,Active
272,Turoth,4,Active
273,Kurask,5,Active
274,Gargoyle,5,Active
275,Dark Beast,5,Active
276,Waterfiend,4,Active
277,Rockslug,3,Active
278,Green Dragon,3,Active
279,Blue Dragon,3,Active
280,Red Dragon,3,Active
281,Black Dragon,4,Active
282,Brutal Green Dragon,5,Active
283,Brutal Blue Dragon,5,Active
284,Brutal Red Dragon,5,Active
285,Brutal Black Dragon,6,Active
286,Bronze Dragon,4,Active
287,Iron Dragon,4,Active
288,Steel Dragon,5,Active
289,Mithril Dragon,5,Active
290,Adamant Dragon,5,Active
291,Rune Dragon,7,Active
292,Lava Dragon,5,Active
293,Spitting Wyvern,5,Active
294,Taloned Wyvern,5,Active
295,Long-tailed Wyvern,5,Active
296,Ancient Wyvern,6,Active
297,Wyrm,4,Active
298,Shadow Wyrm,5,Active
299,Drake,4,Active
300,Guardian Drake,5,Active
301,Lava Strykewyrm,6,Active
302,Hydra,8,Active
303,Imp,1,Active
304,Baby Impling,3,Active
305,Young Impling,3,Active
306,Gourmet Impling,3,Active
307,Earth Impling,3,Active
308,Essence Impling,3,Active
309,Eclectic Impling,3,Active
310,Nature Impling,4,Active
311,Magpie Impling,4,Active
312,Ninja Impling,5,Active
313,Crystal Impling,5,Active
314,Dragon Impling,6,Active
315,Lucky Impling,7,Active
316,Lesser Demon,3,Active
317,Greater Demon,3,Active
318,Black Demon,4,Active
319,Abyssal Demon,5,Active
320,Abyssal Sire,8,Active
321,Abyssal Leech,3,Active
322,Abyssal Guardian,4,Active
323,Abyssal Walker,5,Active
324,Blood Reaver,8,Active
325,Dust Devil,4,Active
326,Smoke Devil,5,Active
327,Pyrefiend,3,Active
328,Icefiend,2,Active
329,Nechryael,5,Active
330,Tormented Demon,8,Active
331,Skotizo,6,Active
332,Hill Giant,2,Active
333,Moss Giant,2,Active
334,Ice Giant,2,Active
335,Fire Giant,2,Active
336,Frost Giant,4,Retired
337,Cyclops,3,Active
338,Goblin,1,Active
339,Cave Goblin,2,Active
340,Hobgoblin,2,Active
341,Ogre,2,Active
342,Ogress,3,Active
343,Jogre,2,Active
344,Zogre,4,Active
345,Mogre,2,Active
346,Troll,2,Active
347,Mountain Troll,3,Active
348,Ice Troll,4,Active
349,Sea Troll,3,Active
350,Cave Troll,3,Retired
351,Ice Lord,5,Active
352,Ork,4,Active
353,Ent,3,Active
354,Zygomite,4,Active
355,Mutated Zygomite,5,Retired
356,Ancient Zygomite,5,Active
357,Hespori,6,Active
358,Herbiboar,5,Active
359,Moonlight Cockatrice,4,Active
360,Custodian Stalker,6,Active
361,Beaver,2,Active
362,Phoenix,4,Duplicate
363,Heron,2,Active
364,Red Crab,2,Active
365,Blue Crab,2,Active
366,Rainbow Crab,3,Active
367,Swordtip Squid,5,Active
368,Giant Krill,5,Active
369,Haddock,5,Active
370,Yellowfin,5,Active
371,Halibut,5,Active
372,Bluefin,5,Active
373,Marlin,5,Active
374,Gryphon,6,Active
375,Aquanite,6,Active
376,Frost Dragon,7,Active
377,Jumbo Squid,5,Active
378,Veiled Kraken,6,Active
379,Bull shark,5,Active
380,Hammerhead shark,5,Active
381,Tiger shark,5,Active
382,Great white shark,5,Active
383,Dolphin,5,Active
384,Narwhal,6,Active
385,Orca,7,Active
386,Pygmy kraken,6,Active
387,Spined kraken,6,Active
388,Armoured kraken,6,Active
389,Vampyre kraken,7,Active
390,Eagle ray,5,Active
391,Butterfly ray,5,Active
392,Stingray,5,Active
393,Manta ray,5,Active
394,Tern,4,Active
395,Osprey,4,Active
396,Frigatebird,4,Active
397,Crimson Swift,4,Active
398,Golden Warbler,4,Active
399,Copper Longtail,4,Active
400,Cerulean Twitch,4,Active
401,Tropical Wagtail,4,Active
402,Spined Larupia,5,Active
403,Horned Graahk,5,Active
404,Sabre-toothed Kyatt,5,Active
405,Pyre Fox,4,Active
406,Murng Bat,4,Active
407,Phluxia Bat,4,Active
408,King Worm,4,Active
409,Worms,3,Active
410,Cave Worms,3,Active
411,Sand Worms,4,Active
412,Diabolic Worms,5,Active
413,Red Vine Worm,4,Active
414,Bloodworm,3,Active
415,Leech,3,Active
416,Flesh Crawler,2,Active
417,Myre Blamish Snail,4,Active
418,Bruise Blamish Snail,4,Active
419,Ochre Blamish Snail,4,Active
420,Bark Blamish Snail,4,Active
421,Blood Blamish Snail,4,Active
422,Giant Snail,3,Active
423,Giant Clam,3,Active
424,Oyster,1,Active
425,Broav,5,Active
426,Experiments,5,Active
427,Mammoth,4,Active
428,Unicorn,2,Active
429,Kalphite,4,Active
430,Dagannoth,4,Active
431,Lizardman,4,Active
432,Suqah,4,Active
433,Gorak,5,Active
434,Wallasalki,5,Active
435,Aviansie,6,Active
436,Centaur,4,Active
437,Catablepon,4,Active
438,Lynx,4,Active
439,The Shaikahan,5,Active
440,Minotaur,2,Active
